date_sk,date,date_id,year,month,day,weekday
1,2024-01-01,20240101,2024,1,1,0
2,2024-01-02,20240102,2024,1,2,1
3,2024-01-03,20240103,2024,1,3,2
4,2024-01-04,20240104,2024,1,4,3
5,2024-01-05,20240105,2024,1,5,4
6,2024-01-06,20240106,2024,1,6,5
7,2024-01-07,20240107,2024,1,7,6
8,2024-01-08,20240108,2024,1,8,0
9,2024-01-09,20240109,2024,1,9,1
10,2024-01-10,20240110,2024,1,10,2
11,2024-01-11,20240111,2024,1,11,3
12,2024-01-12,20240112,2024,1,12,4
13,2024-01-13,20240113,2024,1,13,5
14,2024-01-14,20240114,2024,1,14,6
15,2024-01-15,20240115,2024,1,15,0
16,2024-01-16,20240116,2024,1,16,1
17,2024-01-17,20240117,2024,1,17,2
18,2024-01-18,20240118,2024,1,18,3
19,2024-01-19,20240119,2024,1,19,4
20,2024-01-20,20240120,2024,1,20,5
21,2024-01-21,20240121,2024,1,21,6
22,2024-01-22,20240122,2024,1,22,0
23,2024-01-23,20240123,2024,1,23,1
24,2024-01-24,20240124,2024,1,24,2
25,2024-01-25,20240125,2024,1,25,3
26,2024-01-26,20240126,2024,1,26,4
27,2024-01-27,20240127,2024,1,27,5
28,2024-01-28,20240128,2024,1,28,6
29,2024-01-29,20240129,2024,1,29,0
30,2024-01-30,20240130,2024,1,30,1
31,2024-01-31,20240131,2024,1,31,2
32,2024-02-01,20240201,2024,2,1,3
33,2024-02-02,20240202,2024,2,2,4
34,2024-02-03,20240203,2024,2,3,5
35,2024-02-04,20240204,2024,2,4,6
36,2024-02-05,20240205,2024,2,5,0
37,2024-02-06,20240206,2024,2,6,1
38,2024-02-07,20240207,2024,2,7,2
39,2024-02-08,20240208,2024,2,8,3
40,2024-02-09,20240209,2024,2,9,4
41,2024-02-10,20240210,2024,2,10,5
42,2024-02-11,20240211,2024,2,11,6
43,2024-02-12,20240212,2024,2,12,0
44,2024-02-13,20240213,2024,2,13,1
45,2024-02-14,20240214,2024,2,14,2
46,2024-02-15,20240215,2024,2,15,3
47,2024-02-16,20240216,2024,2,16,4
48,2024-02-17,20240217,2024,2,17,5
49,2024-02-18,20240218,2024,2,18,6
50,2024-02-19,20240219,2024,2,19,0
51,2024-02-20,20240220,2024,2,20,1
52,2024-02-21,20240221,2024,2,21,2
53,2024-02-22,20240222,2024,2,22,3
54,2024-02-23,20240223,2024,2,23,4
55,2024-02-24,20240224,2024,2,24,5
56,2024-02-25,20240225,2024,2,25,6
57,2024-02-26,20240226,2024,2,26,0
58,2024-02-27,20240227,2024,2,27,1
59,2024-02-28,20240228,2024,2,28,2
60,2024-02-29,20240229,2024,2,29,3
61,2024-03-01,20240301,2024,3,1,4
62,2024-03-02,20240302,2024,3,2,5
63,2024-03-03,20240303,2024,3,3,6
64,2024-03-04,20240304,2024,3,4,0
65,2024-03-05,20240305,2024,3,5,1
66,2024-03-06,20240306,2024,3,6,2
67,2024-03-07,20240307,2024,3,7,3
68,2024-03-08,20240308,2024,3,8,4
69,2024-03-09,20240309,2024,3,9,5
70,2024-03-10,20240310,2024,3,10,6
71,2024-03-11,20240311,2024,3,11,0
72,2024-03-12,20240312,2024,3,12,1
73,2024-03-13,20240313,2024,3,13,2
74,2024-03-14,20240314,2024,3,14,3
75,2024-03-15,20240315,2024,3,15,4
76,2024-03-16,20240316,2024,3,16,5
77,2024-03-17,20240317,2024,3,17,6
78,2024-03-18,20240318,2024,3,18,0
79,2024-03-19,20240319,2024,3,19,1
80,2024-03-20,20240320,2024,3,20,2
81,2024-03-21,20240321,2024,3,21,3
82,2024-03-22,20240322,2024,3,22,4
83,2024-03-23,20240323,2024,3,23,5
84,2024-03-24,20240324,2024,3,24,6
85,2024-03-25,20240325,2024,3,25,0
86,2024-03-26,20240326,2024,3,26,1
87,2024-03-27,20240327,2024,3,27,2
88,2024-03-28,20240328,2024,3,28,3
89,2024-03-29,20240329,2024,3,29,4
90,2024-03-30,20240330,2024,3,30,5
91,2024-03-31,20240331,2024,3,31,6
92,2024-04-01,20240401,2024,4,1,0
93,2024-04-02,20240402,2024,4,2,1
94,2024-04-03,20240403,2024,4,3,2
95,2024-04-04,20240404,2024,4,4,3
96,2024-04-05,20240405,2024,4,5,4
97,2024-04-06,20240406,2024,4,6,5
98,2024-04-07,20240407,2024,4,7,6
99,2024-04-08,20240408,2024,4,8,0
100,2024-04-09,20240409,2024,4,9,1
101,2024-04-10,20240410,2024,4,10,2
102,2024-04-11,20240411,2024,4,11,3
103,2024-04-12,20240412,2024,4,12,4
104,2024-04-13,20240413,2024,4,13,5
105,2024-04-14,20240414,2024,4,14,6
106,2024-04-15,20240415,2024,4,15,0
107,2024-04-16,20240416,2024,4,16,1
108,2024-04-17,20240417,2024,4,17,2
109,2024-04-18,20240418,2024,4,18,3
110,2024-04-19,20240419,2024,4,19,4
111,2024-04-20,20240420,2024,4,20,5
112,2024-04-21,20240421,2024,4,21,6
113,2024-04-22,20240422,2024,4,22,0
114,2024-04-23,20240423,2024,4,23,1
115,2024-04-24,20240424,2024,4,24,2
116,2024-04-25,20240425,2024,4,25,3
117,2024-04-26,20240426,2024,4,26,4
118,2024-04-27,20240427,2024,4,27,5
119,2024-04-28,20240428,2024,4,28,6
120,2024-04-29,20240429,2024,4,29,0
121,2024-04-30,20240430,2024,4,30,1
122,2024-05-01,20240501,2024,5,1,2
123,2024-05-02,20240502,2024,5,2,3
124,2024-05-03,20240503,2024,5,3,4
125,2024-05-04,20240504,2024,5,4,5
126,2024-05-05,20240505,2024,5,5,6
127,2024-05-06,20240506,2024,5,6,0
128,2024-05-07,20240507,2024,5,7,1
129,2024-05-08,20240508,2024,5,8,2
130,2024-05-09,20240509,2024,5,9,3
131,2024-05-10,20240510,2024,5,10,4
132,2024-05-11,20240511,2024,5,11,5
133,2024-05-12,20240512,2024,5,12,6
134,2024-05-13,20240513,2024,5,13,0
135,2024-05-14,20240514,2024,5,14,1
136,2024-05-15,20240515,2024,5,15,2
137,2024-05-16,20240516,2024,5,16,3
138,2024-05-17,20240517,2024,5,17,4
139,2024-05-18,20240518,2024,5,18,5
140,2024-05-19,20240519,2024,5,19,6
141,2024-05-20,20240520,2024,5,20,0
142,2024-05-21,20240521,2024,5,21,1
143,2024-05-22,20240522,2024,5,22,2
144,2024-05-23,20240523,2024,5,23,3
145,2024-05-24,20240524,2024,5,24,4
146,2024-05-25,20240525,2024,5,25,5
147,2024-05-26,20240526,2024,5,26,6
148,2024-05-27,20240527,2024,5,27,0
149,2024-05-28,20240528,2024,5,28,1
150,2024-05-29,20240529,2024,5,29,2
151,2024-05-30,20240530,2024,5,30,3
152,2024-05-31,20240531,2024,5,31,4
153,2024-06-01,20240601,2024,6,1,5
154,2024-06-02,20240602,2024,6,2,6
155,2024-06-03,20240603,2024,6,3,0
156,2024-06-04,20240604,2024,6,4,1
157,2024-06-05,20240605,2024,6,5,2
158,2024-06-06,20240606,2024,6,6,3
159,2024-06-07,20240607,2024,6,7,4
160,2024-06-08,20240608,2024,6,8,5
161,2024-06-09,20240609,2024,6,9,6
162,2024-06-10,20240610,2024,6,10,0
163,2024-06-11,20240611,2024,6,11,1
164,2024-06-12,20240612,2024,6,12,2
165,2024-06-13,20240613,2024,6,13,3
166,2024-06-14,20240614,2024,6,14,4
167,2024-06-15,20240615,2024,6,15,5
168,2024-06-16,20240616,2024,6,16,6
169,2024-06-17,20240617,2024,6,17,0
170,2024-06-18,20240618,2024,6,18,1
171,2024-06-19,20240619,2024,6,19,2
172,2024-06-20,20240620,2024,6,20,3
173,2024-06-21,20240621,2024,6,21,4
174,2024-06-22,20240622,2024,6,22,5
175,2024-06-23,20240623,2024,6,23,6
176,2024-06-24,20240624,2024,6,24,0
177,2024-06-25,20240625,2024,6,25,1
178,2024-06-26,20240626,2024,6,26,2
179,2024-06-27,20240627,2024,6,27,3
180,2024-06-28,20240628,2024,6,28,4
181,2024-06-29,20240629,2024,6,29,5
182,2024-06-30,20240630,2024,6,30,6
183,2024-07-01,20240701,2024,7,1,0
184,2024-07-02,20240702,2024,7,2,1
185,2024-07-03,20240703,2024,7,3,2
186,2024-07-04,20240704,2024,7,4,3
187,2024-07-05,20240705,2024,7,5,4
188,2024-07-06,20240706,2024,7,6,5
189,2024-07-07,20240707,2024,7,7,6
190,2024-07-08,20240708,2024,7,8,0
191,2024-07-09,20240709,2024,7,9,1
192,2024-07-10,20240710,2024,7,10,2
193,2024-07-11,20240711,2024,7,11,3
194,2024-07-12,20240712,2024,7,12,4
195,2024-07-13,20240713,2024,7,13,5
196,2024-07-14,20240714,2024,7,14,6
197,2024-07-15,20240715,2024,7,15,0
198,2024-07-16,20240716,2024,7,16,1
199,2024-07-17,20240717,2024,7,17,2
200,2024-07-18,20240718,2024,7,18,3
201,2024-07-19,20240719,2024,7,19,4
202,2024-07-20,20240720,2024,7,20,5
203,2024-07-21,20240721,2024,7,21,6
204,2024-07-22,20240722,2024,7,22,0
205,2024-07-23,20240723,2024,7,23,1
206,2024-07-24,20240724,2024,7,24,2
207,2024-07-25,20240725,2024,7,25,3
208,2024-07-26,20240726,2024,7,26,4
209,2024-07-27,20240727,2024,7,27,5
210,2024-07-28,20240728,2024,7,28,6
211,2024-07-29,20240729,2024,7,29,0
212,2024-07-30,20240730,2024,7,30,1
213,2024-07-31,20240731,2024,7,31,2
214,2024-08-01,20240801,2024,8,1,3
215,2024-08-02,20240802,2024,8,2,4
216,2024-08-03,20240803,2024,8,3,5
217,2024-08-04,20240804,2024,8,4,6
218,2024-08-05,20240805,2024,8,5,0
219,2024-08-06,20240806,2024,8,6,1
220,2024-08-07,20240807,2024,8,7,2
221,2024-08-08,20240808,2024,8,8,3
222,2024-08-09,20240809,2024,8,9,4
223,2024-08-10,20240810,2024,8,10,5
224,2024-08-11,20240811,2024,8,11,6
225,2024-08-12,20240812,2024,8,12,0
226,2024-08-13,20240813,2024,8,13,1
227,2024-08-14,20240814,2024,8,14,2
228,2024-08-15,20240815,2024,8,15,3
229,2024-08-16,20240816,2024,8,16,4
230,2024-08-17,20240817,2024,8,17,5
231,2024-08-18,20240818,2024,8,18,6
232,2024-08-19,20240819,2024,8,19,0
233,2024-08-20,20240820,2024,8,20,1
234,2024-08-21,20240821,2024,8,21,2
235,2024-08-22,20240822,2024,8,22,3
236,2024-08-23,20240823,2024,8,23,4
237,2024-08-24,20240824,2024,8,24,5
238,2024-08-25,20240825,2024,8,25,6
239,2024-08-26,20240826,2024,8,26,0
240,2024-08-27,20240827,2024,8,27,1
241,2024-08-28,20240828,2024,8,28,2
242,2024-08-29,20240829,2024,8,29,3
243,2024-08-30,20240830,2024,8,30,4
244,2024-08-31,20240831,2024,8,31,5
245,2024-09-01,20240901,2024,9,1,6
246,2024-09-02,20240902,2024,9,2,0
247,2024-09-03,20240903,2024,9,3,1
248,2024-09-04,20240904,2024,9,4,2
249,2024-09-05,20240905,2024,9,5,3
250,2024-09-06,20240906,2024,9,6,4
251,2024-09-07,20240907,2024,9,7,5
252,2024-09-08,20240908,2024,9,8,6
253,2024-09-09,20240909,2024,9,9,0
254,2024-09-10,20240910,2024,9,10,1
255,2024-09-11,20240911,2024,9,11,2
256,2024-09-12,20240912,2024,9,12,3
257,2024-09-13,20240913,2024,9,13,4
258,2024-09-14,20240914,2024,9,14,5
259,2024-09-15,20240915,2024,9,15,6
260,2024-09-16,20240916,2024,9,16,0
261,2024-09-17,20240917,2024,9,17,1
262,2024-09-18,20240918,2024,9,18,2
263,2024-09-19,20240919,2024,9,19,3
264,2024-09-20,20240920,2024,9,20,4
265,2024-09-21,20240921,2024,9,21,5
266,2024-09-22,20240922,2024,9,22,6
267,2024-09-23,20240923,2024,9,23,0
268,2024-09-24,20240924,2024,9,24,1
269,2024-09-25,20240925,2024,9,25,2
270,2024-09-26,20240926,2024,9,26,3
271,2024-09-27,20240927,2024,9,27,4
272,2024-09-28,20240928,2024,9,28,5
273,2024-09-29,20240929,2024,9,29,6
274,2024-09-30,20240930,2024,9,30,0
275,2024-10-01,20241001,2024,10,1,1
276,2024-10-02,20241002,2024,10,2,2
277,2024-10-03,20241003,2024,10,3,3
278,2024-10-04,20241004,2024,10,4,4
279,2024-10-05,20241005,2024,10,5,5
280,2024-10-06,20241006,2024,10,6,6
281,2024-10-07,20241007,2024,10,7,0
282,2024-10-08,20241008,2024,10,8,1
283,2024-10-09,20241009,2024,10,9,2
284,2024-10-10,20241010,2024,10,10,3
285,2024-10-11,20241011,2024,10,11,4
286,2024-10-12,20241012,2024,10,12,5
287,2024-10-13,20241013,2024,10,13,6
288,2024-10-14,20241014,2024,10,14,0
289,2024-10-15,20241015,2024,10,15,1
290,2024-10-16,20241016,2024,10,16,2
291,2024-10-17,20241017,2024,10,17,3
292,2024-10-18,20241018,2024,10,18,4
293,2024-10-19,20241019,2024,10,19,5
294,2024-10-20,20241020,2024,10,20,6
295,2024-10-21,20241021,2024,10,21,0
296,2024-10-22,20241022,2024,10,22,1
297,2024-10-23,20241023,2024,10,23,2
298,2024-10-24,20241024,2024,10,24,3
299,2024-10-25,20241025,2024,10,25,4
300,2024-10-26,20241026,2024,10,26,5
301,2024-10-27,20241027,2024,10,27,6
302,2024-10-28,20241028,2024,10,28,0
303,2024-10-29,20241029,2024,10,29,1
304,2024-10-30,20241030,2024,10,30,2
305,2024-10-31,20241031,2024,10,31,3
306,2024-11-01,20241101,2024,11,1,4
307,2024-11-02,20241102,2024,11,2,5
308,2024-11-03,20241103,2024,11,3,6
309,2024-11-04,20241104,2024,11,4,0
310,2024-11-05,20241105,2024,11,5,1
311,2024-11-06,20241106,2024,11,6,2
312,2024-11-07,20241107,2024,11,7,3
313,2024-11-08,20241108,2024,11,8,4
314,2024-11-09,20241109,2024,11,9,5
315,2024-11-10,20241110,2024,11,10,6
316,2024-11-11,20241111,2024,11,11,0
317,2024-11-12,20241112,2024,11,12,1
318,2024-11-13,20241113,2024,11,13,2
319,2024-11-14,20241114,2024,11,14,3
320,2024-11-15,20241115,2024,11,15,4
321,2024-11-16,20241116,2024,11,16,5
322,2024-11-17,20241117,2024,11,17,6
323,2024-11-18,20241118,2024,11,18,0
324,2024-11-19,20241119,2024,11,19,1
325,2024-11-20,20241120,2024,11,20,2
326,2024-11-21,20241121,2024,11,21,3
327,2024-11-22,20241122,2024,11,22,4
328,2024-11-23,20241123,2024,11,23,5
329,2024-11-24,20241124,2024,11,24,6
330,2024-11-25,20241125,2024,11,25,0
331,2024-11-26,20241126,2024,11,26,1
332,2024-11-27,20241127,2024,11,27,2
333,2024-11-28,20241128,2024,11,28,3
334,2024-11-29,20241129,2024,11,29,4
335,2024-11-30,20241130,2024,11,30,5
336,2024-12-01,20241201,2024,12,1,6
337,2024-12-02,20241202,2024,12,2,0
338,2024-12-03,20241203,2024,12,3,1
339,2024-12-04,20241204,2024,12,4,2
340,2024-12-05,20241205,2024,12,5,3
341,2024-12-06,20241206,2024,12,6,4
342,2024-12-07,20241207,2024,12,7,5
343,2024-12-08,20241208,2024,12,8,6
344,2024-12-09,20241209,2024,12,9,0
345,2024-12-10,20241210,2024,12,10,1
346,2024-12-11,20241211,2024,12,11,2
347,2024-12-12,20241212,2024,12,12,3
348,2024-12-13,20241213,2024,12,13,4
349,2024-12-14,20241214,2024,12,14,5
350,2024-12-15,20241215,2024,12,15,6
351,2024-12-16,20241216,2024,12,16,0
352,2024-12-17,20241217,2024,12,17,1
353,2024-12-18,20241218,2024,12,18,2
354,2024-12-19,20241219,2024,12,19,3
355,2024-12-20,20241220,2024,12,20,4
356,2024-12-21,20241221,2024,12,21,5
357,2024-12-22,20241222,2024,12,22,6
358,2024-12-23,20241223,2024,12,23,0
359,2024-12-24,20241224,2024,12,24,1
360,2024-12-25,20241225,2024,12,25,2
361,2024-12-26,20241226,2024,12,26,3
362,2024-12-27,20241227,2024,12,27,4
363,2024-12-28,20241228,2024,12,28,5
364,2024-12-29,20241229,2024,12,29,6
365,2024-12-30,20241230,2024,12,30,0
366,2024-12-31,20241231,2024,12,31,1
367,2025-01-01,20250101,2025,1,1,2
368,2025-01-02,20250102,2025,1,2,3
369,2025-01-03,20250103,2025,1,3,4
370,2025-01-04,20250104,2025,1,4,5
371,2025-01-05,20250105,2025,1,5,6
372,2025-01-06,20250106,2025,1,6,0
373,2025-01-07,20250107,2025,1,7,1
374,2025-01-08,20250108,2025,1,8,2
375,2025-01-09,20250109,2025,1,9,3
376,2025-01-10,20250110,2025,1,10,4
377,2025-01-11,20250111,2025,1,11,5
378,2025-01-12,20250112,2025,1,12,6
379,2025-01-13,20250113,2025,1,13,0
380,2025-01-14,20250114,2025,1,14,1
381,2025-01-15,20250115,2025,1,15,2
382,2025-01-16,20250116,2025,1,16,3
383,2025-01-17,20250117,2025,1,17,4
384,2025-01-18,20250118,2025,1,18,5
385,2025-01-19,20250119,2025,1,19,6
386,2025-01-20,20250120,2025,1,20,0
387,2025-01-21,20250121,2025,1,21,1
388,2025-01-22,20250122,2025,1,22,2
389,2025-01-23,20250123,2025,1,23,3
390,2025-01-24,20250124,2025,1,24,4
391,2025-01-25,20250125,2025,1,25,5
392,2025-01-26,20250126,2025,1,26,6
393,2025-01-27,20250127,2025,1,27,0
394,2025-01-28,20250128,2025,1,28,1
395,2025-01-29,20250129,2025,1,29,2
396,2025-01-30,20250130,2025,1,30,3
397,2025-01-31,20250131,2025,1,31,4
398,2025-02-01,20250201,2025,2,1,5
399,2025-02-02,20250202,2025,2,2,6
400,2025-02-03,20250203,2025,2,3,0
401,2025-02-04,20250204,2025,2,4,1
402,2025-02-05,20250205,2025,2,5,2
403,2025-02-06,20250206,2025,2,6,3
404,2025-02-07,20250207,2025,2,7,4
405,2025-02-08,20250208,2025,2,8,5
406,2025-02-09,20250209,2025,2,9,6
407,2025-02-10,20250210,2025,2,10,0
408,2025-02-11,20250211,2025,2,11,1
409,2025-02-12,20250212,2025,2,12,2
410,2025-02-13,20250213,2025,2,13,3
411,2025-02-14,20250214,2025,2,14,4
412,2025-02-15,20250215,2025,2,15,5
413,2025-02-16,20250216,2025,2,16,6
414,2025-02-17,20250217,2025,2,17,0
415,2025-02-18,20250218,2025,2,18,1
416,2025-02-19,20250219,2025,2,19,2
417,2025-02-20,20250220,2025,2,20,3
418,2025-02-21,20250221,2025,2,21,4
419,2025-02-22,20250222,2025,2,22,5
420,2025-02-23,20250223,2025,2,23,6
421,2025-02-24,20250224,2025,2,24,0
422,2025-02-25,20250225,2025,2,25,1
423,2025-02-26,20250226,2025,2,26,2
424,2025-02-27,20250227,2025,2,27,3
425,2025-02-28,20250228,2025,2,28,4
426,2025-03-01,20250301,2025,3,1,5
427,2025-03-02,20250302,2025,3,2,6
428,2025-03-03,20250303,2025,3,3,0
429,2025-03-04,20250304,2025,3,4,1
430,2025-03-05,20250305,2025,3,5,2
431,2025-03-06,20250306,2025,3,6,3
432,2025-03-07,20250307,2025,3,7,4
433,2025-03-08,20250308,2025,3,8,5
434,2025-03-09,20250309,2025,3,9,6
435,2025-03-10,20250310,2025,3,10,0
436,2025-03-11,20250311,2025,3,11,1
437,2025-03-12,20250312,2025,3,12,2
438,2025-03-13,20250313,2025,3,13,3
439,2025-03-14,20250314,2025,3,14,4
440,2025-03-15,20250315,2025,3,15,5
441,2025-03-16,20250316,2025,3,16,6
442,2025-03-17,20250317,2025,3,17,0
443,2025-03-18,20250318,2025,3,18,1
444,2025-03-19,20250319,2025,3,19,2
445,2025-03-20,20250320,2025,3,20,3
446,2025-03-21,20250321,2025,3,21,4
447,2025-03-22,20250322,2025,3,22,5
448,2025-03-23,20250323,2025,3,23,6
449,2025-03-24,20250324,2025,3,24,0
450,2025-03-25,20250325,2025,3,25,1
451,2025-03-26,20250326,2025,3,26,2
452,2025-03-27,20250327,2025,3,27,3
453,2025-03-28,20250328,2025,3,28,4
454,2025-03-29,20250329,2025,3,29,5
455,2025-03-30,20250330,2025,3,30,6
456,2025-03-31,20250331,2025,3,31,0
457,2025-04-01,20250401,2025,4,1,1
458,2025-04-02,20250402,2025,4,2,2
459,2025-04-03,20250403,2025,4,3,3
460,2025-04-04,20250404,2025,4,4,4
461,2025-04-05,20250405,2025,4,5,5
462,2025-04-06,20250406,2025,4,6,6
463,2025-04-07,20250407,2025,4,7,0
464,2025-04-08,20250408,2025,4,8,1
465,2025-04-09,20250409,2025,4,9,2
466,2025-04-10,20250410,2025,4,10,3
467,2025-04-11,20250411,2025,4,11,4
468,2025-04-12,20250412,2025,4,12,5
469,2025-04-13,20250413,2025,4,13,6
470,2025-04-14,20250414,2025,4,14,0
471,2025-04-15,20250415,2025,4,15,1
472,2025-04-16,20250416,2025,4,16,2
473,2025-04-17,20250417,2025,4,17,3
474,2025-04-18,20250418,2025,4,18,4
475,2025-04-19,20250419,2025,4,19,5
476,2025-04-20,20250420,2025,4,20,6
477,2025-04-21,20250421,2025,4,21,0
478,2025-04-22,20250422,2025,4,22,1
479,2025-04-23,20250423,2025,4,23,2
480,2025-04-24,20250424,2025,4,24,3
481,2025-04-25,20250425,2025,4,25,4
482,2025-04-26,20250426,2025,4,26,5
483,2025-04-27,20250427,2025,4,27,6
484,2025-04-28,20250428,2025,4,28,0
485,2025-04-29,20250429,2025,4,29,1
486,2025-04-30,20250430,2025,4,30,2
487,2025-05-01,20250501,2025,5,1,3
488,2025-05-02,20250502,2025,5,2,4
489,2025-05-03,20250503,2025,5,3,5
490,2025-05-04,20250504,2025,5,4,6
491,2025-05-05,20250505,2025,5,5,0
492,2025-05-06,20250506,2025,5,6,1
493,2025-05-07,20250507,2025,5,7,2
494,2025-05-08,20250508,2025,5,8,3
495,2025-05-09,20250509,2025,5,9,4
496,2025-05-10,20250510,2025,5,10,5
497,2025-05-11,20250511,2025,5,11,6
498,2025-05-12,20250512,2025,5,12,0
499,2025-05-13,20250513,2025,5,13,1
500,2025-05-14,20250514,2025,5,14,2
501,2025-05-15,20250515,2025,5,15,3
502,2025-05-16,20250516,2025,5,16,4
503,2025-05-17,20250517,2025,5,17,5
504,2025-05-18,20250518,2025,5,18,6
505,2025-05-19,20250519,2025,5,19,0
506,2025-05-20,20250520,2025,5,20,1
507,2025-05-21,20250521,2025,5,21,2
508,2025-05-22,20250522,2025,5,22,3
509,2025-05-23,20250523,2025,5,23,4
510,2025-05-24,20250524,2025,5,24,5
511,2025-05-25,20250525,2025,5,25,6
512,2025-05-26,20250526,2025,5,26,0
513,2025-05-27,20250527,2025,5,27,1
514,2025-05-28,20250528,2025,5,28,2
515,2025-05-29,20250529,2025,5,29,3
516,2025-05-30,20250530,2025,5,30,4
517,2025-05-31,20250531,2025,5,31,5
518,2025-06-01,20250601,2025,6,1,6
519,2025-06-02,20250602,2025,6,2,0
520,2025-06-03,20250603,2025,6,3,1
521,2025-06-04,20250604,2025,6,4,2
522,2025-06-05,20250605,2025,6,5,3
523,2025-06-06,20250606,2025,6,6,4
524,2025-06-07,20250607,2025,6,7,5
525,2025-06-08,20250608,2025,6,8,6
526,2025-06-09,20250609,2025,6,9,0
527,2025-06-10,20250610,2025,6,10,1
528,2025-06-11,20250611,2025,6,11,2
529,2025-06-12,20250612,2025,6,12,3
530,2025-06-13,20250613,2025,6,13,4
531,2025-06-14,20250614,2025,6,14,5
532,2025-06-15,20250615,2025,6,15,6
533,2025-06-16,20250616,2025,6,16,0
534,2025-06-17,20250617,2025,6,17,1
535,2025-06-18,20250618,2025,6,18,2
536,2025-06-19,20250619,2025,6,19,3
537,2025-06-20,20250620,2025,6,20,4
538,2025-06-21,20250621,2025,6,21,5
539,2025-06-22,20250622,2025,6,22,6
540,2025-06-23,20250623,2025,6,23,0
541,2025-06-24,20250624,2025,6,24,1
542,2025-06-25,20250625,2025,6,25,2
543,2025-06-26,20250626,2025,6,26,3
544,2025-06-27,20250627,2025,6,27,4
545,2025-06-28,20250628,2025,6,28,5
546,2025-06-29,20250629,2025,6,29,6
547,2025-06-30,20250630,2025,6,30,0
548,2025-07-01,20250701,2025,7,1,1
549,2025-07-02,20250702,2025,7,2,2
550,2025-07-03,20250703,2025,7,3,3
551,2025-07-04,20250704,2025,7,4,4
552,2025-07-05,20250705,2025,7,5,5
553,2025-07-06,20250706,2025,7,6,6
554,2025-07-07,20250707,2025,7,7,0
555,2025-07-08,20250708,2025,7,8,1
556,2025-07-09,20250709,2025,7,9,2
557,2025-07-10,20250710,2025,7,10,3
558,2025-07-11,20250711,2025,7,11,4
559,2025-07-12,20250712,2025,7,12,5
560,2025-07-13,20250713,2025,7,13,6
561,2025-07-14,20250714,2025,7,14,0
562,2025-07-15,20250715,2025,7,15,1
563,2025-07-16,20250716,2025,7,16,2
564,2025-07-17,20250717,2025,7,17,3
565,2025-07-18,20250718,2025,7,18,4
566,2025-07-19,20250719,2025,7,19,5
567,2025-07-20,20250720,2025,7,20,6
568,2025-07-21,20250721,2025,7,21,0
569,2025-07-22,20250722,2025,7,22,1
570,2025-07-23,20250723,2025,7,23,2
571,2025-07-24,20250724,2025,7,24,3
572,2025-07-25,20250725,2025,7,25,4
573,2025-07-26,20250726,2025,7,26,5
574,2025-07-27,20250727,2025,7,27,6
575,2025-07-28,20250728,2025,7,28,0
576,2025-07-29,20250729,2025,7,29,1
577,2025-07-30,20250730,2025,7,30,2
578,2025-07-31,20250731,2025,7,31,3
579,2025-08-01,20250801,2025,8,1,4
580,2025-08-02,20250802,2025,8,2,5
581,2025-08-03,20250803,2025,8,3,6
582,2025-08-04,20250804,2025,8,4,0
583,2025-08-05,20250805,2025,8,5,1
584,2025-08-06,20250806,2025,8,6,2
585,2025-08-07,20250807,2025,8,7,3
586,2025-08-08,20250808,2025,8,8,4
587,2025-08-09,20250809,2025,8,9,5
588,2025-08-10,20250810,2025,8,10,6
589,2025-08-11,20250811,2025,8,11,0
590,2025-08-12,20250812,2025,8,12,1
591,2025-08-13,20250813,2025,8,13,2
592,2025-08-14,20250814,2025,8,14,3
593,2025-08-15,20250815,2025,8,15,4
594,2025-08-16,20250816,2025,8,16,5
595,2025-08-17,20250817,2025,8,17,6
596,2025-08-18,20250818,2025,8,18,0
597,2025-08-19,20250819,2025,8,19,1
598,2025-08-20,20250820,2025,8,20,2
599,2025-08-21,20250821,2025,8,21,3
600,2025-08-22,20250822,2025,8,22,4
601,2025-08-23,20250823,2025,8,23,5
602,2025-08-24,20250824,2025,8,24,6
603,2025-08-25,20250825,2025,8,25,0
604,2025-08-26,20250826,2025,8,26,1
605,2025-08-27,20250827,2025,8,27,2
606,2025-08-28,20250828,2025,8,28,3
607,2025-08-29,20250829,2025,8,29,4
608,2025-08-30,20250830,2025,8,30,5
609,2025-08-31,20250831,2025,8,31,6
610,2025-09-01,20250901,2025,9,1,0
611,2025-09-02,20250902,2025,9,2,1
612,2025-09-03,20250903,2025,9,3,2
613,2025-09-04,20250904,2025,9,4,3
614,2025-09-05,20250905,2025,9,5,4
615,2025-09-06,20250906,2025,9,6,5
616,2025-09-07,20250907,2025,9,7,6
617,2025-09-08,20250908,2025,9,8,0
618,2025-09-09,20250909,2025,9,9,1
619,2025-09-10,20250910,2025,9,10,2
620,2025-09-11,20250911,2025,9,11,3
621,2025-09-12,20250912,2025,9,12,4
622,2025-09-13,20250913,2025,9,13,5
623,2025-09-14,20250914,2025,9,14,6
624,2025-09-15,20250915,2025,9,15,0
625,2025-09-16,20250916,2025,9,16,1
626,2025-09-17,20250917,2025,9,17,2
627,2025-09-18,20250918,2025,9,18,3
628,2025-09-19,20250919,2025,9,19,4
629,2025-09-20,20250920,2025,9,20,5
630,2025-09-21,20250921,2025,9,21,6
631,2025-09-22,20250922,2025,9,22,0
632,2025-09-23,20250923,2025,9,23,1
633,2025-09-24,20250924,2025,9,24,2
634,2025-09-25,20250925,2025,9,25,3
635,2025-09-26,20250926,2025,9,26,4
636,2025-09-27,20250927,2025,9,27,5
637,2025-09-28,20250928,2025,9,28,6
638,2025-09-29,20250929,2025,9,29,0
639,2025-09-30,20250930,2025,9,30,1
